Type,Requirement
F,The system shall allow users to log in with email and password.
F,The application must support user registration with email verification.
F,The system shall provide a dashboard for viewing all active projects.
F,Users shall be able to create and manage tasks within a project.
F,The system must allow file uploads up to 50 MB.
F,The application shall send email notifications for important events.
F,Users must be able to search and filter records by date and category.
F,The system shall generate PDF reports for completed projects.
F,The application must support import and export of data in CSV format.
F,The system shall maintain a history of all changes made to records.
F,Users shall be able to assign roles to team members.
F,The system must allow bulk operations on selected records.
F,The application shall support multi-language interface.
F,The system shall provide an API for third-party integrations.
F,Users must be able to schedule automated reports.
FR,The system shall provide role-based access control for all modules.
FR,The application must validate all user inputs before processing.
FR,Users shall be able to reset their password via email.
FR,The system must log all user activities for audit purposes.
FR,The application shall support single sign-on with OAuth2 providers.
FR,The system shall allow administrators to manage user accounts.
FR,The application must provide two-factor authentication.
FR,Users shall be able to view and edit their profile information.
FR,The system must enforce session timeout after 30 minutes of inactivity.
FR,The application shall allow users to export their data.
NFR,The system shall respond to user requests within 2 seconds under normal load.
NFR,The application must be available 99.9 percent of the time.
NFR,The database shall support up to 1 million records without performance degradation.
NFR,The system must handle 1000 concurrent users without response time exceeding 5 seconds.
NFR,The application shall complete search queries in under 500 milliseconds.
SE,All user passwords must be stored using bcrypt hashing.
SE,The system shall encrypt all data in transit using TLS 1.2 or higher.
SE,All API endpoints must require authentication using JWT tokens.
SE,The application shall protect against SQL injection attacks.
SE,The system must implement CSRF protection for all forms.
SE,User sessions shall expire after a period of inactivity.
SE,The application must sanitize all inputs to prevent XSS attacks.
SE,The system shall implement rate limiting to prevent brute force attacks.
SE,All sensitive data must be encrypted at rest.
SE,The application shall maintain a security audit log.
A,The system shall be available 24 hours a day 7 days a week.
A,The application must recover from failures within 30 seconds.
A,The system shall provide failover capability for critical components.
A,Planned downtime must not exceed 4 hours per month.
A,The application must support graceful degradation when components fail.
PE,The system shall load any page within 3 seconds on a standard connection.
PE,Database queries must complete within 100 milliseconds for 95 percent of requests.
PE,The application shall support horizontal scaling to handle increased load.
PE,The system must process uploaded files within 60 seconds.
PE,The application shall cache frequently accessed data to improve response time.
PE,The system must optimize images during upload to reduce storage and bandwidth.
LF,The application shall follow the company brand guidelines for colors and fonts.
LF,The user interface must be intuitive and require minimal training.
LF,The system shall use consistent icons and terminology throughout.
LF,The application must support dark mode and light mode themes.
LF,The user interface shall be accessible to users with disabilities following WCAG 2.1.
US,The system shall provide a step-by-step wizard for complex tasks.
US,The application must display helpful error messages with resolution guidance.
US,The user interface shall support keyboard navigation for all features.
US,The system must allow users to undo the last 10 actions.
US,The application shall remember user preferences across sessions.
SC,The system shall support horizontal scaling by adding more server instances.
SC,The application must support database sharding for large datasets.
SC,The architecture shall allow new modules to be added without system downtime.
SC,The system must scale to support 10 times the current user base.
SC,The application shall use microservices architecture to allow independent scaling.
O,The system shall provide monitoring dashboards for operations team.
O,The application must support automated backups every 24 hours.
O,System administrators shall be able to deploy updates without service interruption.
O,The system must generate alerts when resource utilization exceeds 80 percent.
O,The application shall support configuration changes without restart.
MN,The codebase shall follow SOLID design principles.
MN,All modules must have unit test coverage of at least 80 percent.
MN,The application shall use centralized logging for easy debugging.
MN,The system must have comprehensive API documentation.
MN,Code reviews are required before merging any changes to the main branch.
L,The application must comply with GDPR data protection requirements.
L,The system shall obtain user consent before collecting personal data.
L,The application must provide users with the ability to request data deletion.
L,The system shall maintain data processing records as required by law.
L,The application must include a privacy policy that explains data usage.
PO,The application shall be deployable on Windows Linux and macOS.
PO,The system must support Chrome Firefox Safari and Edge browsers.
PO,The application shall provide native mobile apps for iOS and Android.
PO,The system must support cloud deployment on AWS Azure and GCP.
FT,The system shall automatically retry failed operations up to 3 times.
FT,The application must maintain a circuit breaker for external service calls.
FT,Critical data shall be replicated across multiple geographic regions.
FT,The system must continue operating in read-only mode during database maintenance.
FT,The application shall queue failed operations and process them when service is restored.
PE,The system should be able to process at least 500 transactions per second.
SE,The application shall require strong passwords with at least 12 characters.
F,The user shall be able to add comments to any task or project item.
F,The system must support real-time collaboration for multiple users.
F,The application shall allow managers to generate team performance reports.
FR,Users must be able to configure notification preferences.
NFR,The system shall maintain 99.95 percent uptime during business hours.
SC,The system must support auto-scaling based on traffic patterns.
MN,The application shall use dependency injection for loose coupling.
SE,The system must perform vulnerability scanning on every deployment.
A,The application shall support active-active clustering for zero downtime deployments.
LF,The dashboard must display key metrics in a visually appealing chart format.
